Регіон,Категорія,Назва,Тип,Початок,Кінець,Коментар,,,,
Полтавщина,Історичний контекст,Під владою польського короля,неточний період,1471,~1600,"Після укладання у 1568 році Люблінської унії між Великим князівством Литовським і Короною Польською, Полтавщина, яка з 1471 року входила до Київського воєводства, перейшла під контроль польського короля.",,,,
Полтавщина,Адміністративні зміни,Утворення Полтавської області,період,1937-09-22,,Утворена 22 вересня 1937 року. ,,,,
Полтавщина,Історичний контекст,Під владою Великого князівства Литовського,період,1362,1569,"Переяславська земля більш ніж сторіччя стає васалом Золотої Орди, а з 1362 р. потрапляє під владу Великого князівства Литовського",,,,
Полтавщина,Військові події,Участь Полтавщини в антипольських повстаннях,неточний період,~1550,~1650,Населення Полтавщини брало активну участь в антипольських повстаннях кінця ХVІ — першої половини ХVІІ ст. та Національній революції ХVІІ ст. На території сучасної області формувалися полки і сотні.,,,,
Полтавщина,Військові події,Участь у Національній революції,період,1648,1676,Населення Полтавщини брало активну участь в антипольських повстаннях кінця ХVІ — першої половини ХVІІ ст. та Національній революції ХVІІ ст. На території сучасної області формувалися полки і сотні.,,,,
Україна,Визначні особи,Смерть Богдана Хмельницького,точка,1657,,Після смерті Богдана Хмельницького (1657 р.),,,,
Україна,Договори і союзи,Гадяцький договір з Річчю Посполитою,точка,1658,,"на теренах краю точилася боротьба між гетьманом Виговським (навесні 1658 р. уклав з Річчю Посполитою Гадяцький договір), і тими, хто відстоював союз з Росією (опозицію проти Виговського очолили полтавський полковник Мартин Пушкар і кошовий Запорізької Січі Яків Барабаш).",,,,
Лівобережна Україна,Адміністрація і політика,"Андрусівське перемир’я, перехід до Росії",неточний період,1667,~1917,"Після Андрусівського перемир'я (1667 р.), згодом підтвердженого «Вічним миром» (1686 р.), Лівобережна Україна (в тому числі й Полтавський край)  три сторіччя входили до складу Російської імперії.",,,,
Московія,Військові події,Північна війна Росії зі Швецією,період,1708,1713,"Під час Північної Війни Полтавщина була одним з місць вирішальних битв між Росією і Швецією. У битві під Полтавою 27 червня 1709 р. російські війська здобули перемогу над армією Карла XII, перекресливши тим самим плани гетьмана Мазепи на визволення з під царської влади[",,,,
Московія,Військові події,Північна війна між Росією і Швецією,точка,1709-06-27,,"У битві під Полтавою 27 червня 1709 р. російські війська здобули перемогу над армією Карла XII, перекресливши тим самим плани гетьмана Мазепи на визволення з під царської влади[11].",,,,
Полтавщина,Військові події,Боротьба між українськими урядами і більшовиками,період,1917,1919,У 1917—1919 рр. точилася боротьба за край між військами українських урядів і більшовиками. Влада в Полтаві декілька разів переходила із рук в руки і наприкінці 1919 р. закріпилася влада більшовиків.,,,,
Полтавщина,Військові події,Встановлення влади більшовиків,період,1919,1991,У 1917—1919 рр. точилася боротьба за край між військами українських урядів і більшовиками. Влада в Полтаві декілька разів переходила із рук в руки і наприкінці 1919 р. закріпилася влада більшовиків.,,,,
Полтавщина,Економіка і промисловість,Аграрна губернія з поміщицьким землеволодінням,неточний період,,~1919,До початку XX століття Полтавщина залишалася аграрною губернією з великим поміщицьким землеволодінням.,,,,
Полтавщина,Адміністрація і політика,Утворена Полтавська область із 45 районів,точка,1937-09-22,,22 вересня 1937 року утворена Полтавська область у складі 45 районів та двох міст.,,,,
Полтавщина,Економіка і промисловість,Діяло 224 промпідприємства та 312 артілей,точка,1937,,У 1937 році на території Полтавської області діяло 224 промислові підприємства та 312 кооперативних промислових артілей.,,,,
Полтавщина,Економіка і промисловість,Нараховувалося 2 727 колгоспів,точка,1938,,"На початок 1938 року в області нараховувалося 2 727 колгоспів, за якими було закріплено 3238,7 тисяч гектарів орних земель.",,,,
Полтавщина,Окупація (Друга світова),Полтавщина включена до райхскомісаріату «Україна»,період,1941-09,1943-09,"Під час нацистської окупації у роки німецько-радянської війни (вересень-жовтень 1941 року — вересень-листопад 1943 року)[12] територія Полтавської області входила до райхскомісаріату «Україна», її було включено до генеральної округи Київ[13], що складалася з 26 ґебітів. Полтавщина була поділена на 12 ґебітів.",,,,
Полтавщина,Адміністративні зміни,Ліквідовано Петрівсько-Роменський та інші райони,точка,1957,,У 1957 році були ліквідовані Петрівсько-Роменський та Покровсько-Багачанський райони.,,,,
Полтавщина,Адміністративні зміни,Укрупнення сільських районів,точка,1962,,У 1962 році після укрупнення сільських районів залишилось 14 районів (таким чином скасовувались 20 районів). У 1965 році деякі з них були відновлені до 19, у 1966 році відновилось ще 6 районів.,,,
Полтавщина,Адміністративні зміни,Поділ області на 25 районів,точка,1968-01-01,,"Після численних змін меж на 1 січня 1968 року область поділялася на 25 районів. У її межах було 12 міст (2 обласного підпорядкування та 10 районного), 18 селищ міського типу, 3 робітничі селища та 2 224 сільські населених пункти.",,,,
Полтавщина,Соціум і міграції,Дані перепису населення,точка,1989,,За Всесоюзним переписом 1989 року усього населення в області нараховувалося 1 753 030 осіб.,,,,
Полтавщина,Адміністративні зміни,Ліквідовані райони області,період,2020-07-17,,"17 липня 2020 року були ліквідовані Пирятинський, Гребінківський, Оржицький, Хорольський, Чорнухинський, Лохвицький, Гадяцький, Котелевський, Шишацький, Семенівський, Глобинський, Козельщинський, Новосанжарський, Машівський, Кобеляцький, Диканський, Решетилівський, Великобагачанський, Чутівський, Зіньківський та Карлівський райони. Їхня територія ввійшла до складу укрупнених Лубенського, Полтавського, Миргородського та Кременчуцького районів.",,,,
Полтавщина,Стихійні лиха і епідемії,Землетрус на Полтавщині,точка,2025-02-01,,"1 лютого 2025 року в Полтавській області стався землетрус магнітудою 3,67 за шкалою Ріхтера[14] .",,,,
Полтавщина,Адміністративні зміни,Полтавська губернія створена царським указом,період,1802-02-27,1925-08-01,"Створена царським указом від 27 лютого 1802 року, за яким Малоросійська губернія була поділена на дві — Полтавську (адміністративний центр — Полтава) і Чернігівську.",,,,
Полтавщина,Релігія і церква,Урочисте відкриття (церковна подія),точка,1802-03-09,,Урочисте відкриття розпочалося 9 березня 1802 року літургією в Успенському соборі міста Полтави.,,,,
Полтавщина,Соціум і міграції,Масове переселення селян до Сибіру й на Далекий Схід,період,1906,1912,Через відносне аграрне перенаселення з 1906 по 1912 рік з Полтавської губернії до Сибіру і на Далекий Схід переселилося понад 32 тисяч селянських сімей (близько 200 тисяч осіб). ,,,,
Полтавщина,Історичний контекст,Полтавщина у складі УНР та автономної України,точка,1917,,"Вже влітку 1917 р. губернія ввійшла до складу автономної України в складі Росії під управлінням ГС УЦР, в листопаді 1917 р. — в УНР.",,,,
Полтавщина,Війна: Громадянська,Полтаву захопили війська РСФСР (Муравйов),точка,1918-01-06,,6(19) січня 1918 року м. Полтава було захоплене військами РСФСР на чолі з Муравйовим. ,,,,
Полтавщина,Військові події,Війська УНР і Німеччини звільнили Полтавщину,точка,1918-03,,Але в березні — на початку квітня 1918 року союзні війська УНР і Німеччини звільнили територію Полтавщини від російсько-більшовицької влади.,,,,
Полтавщина,Визначні особи,Сонцов Олександр Борисович,період,1801-10-08,1805-04-22,,,,,
Полтавщина,Визначні особи,Муханов Олександр Ілліч,період,1805-05-06,1806-03-17,,,,,
Полтавщина,Визначні особи,Брусилов Микола Іванович,період,1806-03-17,1808-03-10,,,,,
Полтавщина,Визначні особи,Козачковський Олексій Федорович,період,1808-03-17,1810-05-17,,,,,
Полтавщина,Визначні особи,Бравін Михайло Іванович,період,1810-09-17,1812-10-22,,,,,
Полтавщина,Визначні особи,Тутолмін Павло Васильович,період,1812-11-18,1828-04-22,,,,,
Полтавщина,Визначні особи,Могилевський Павло Іванович,період,1828-06-08,1840-08-22,,,,,
Полтавщина,Визначні особи,Аверкієв Олександр Єгорович,період,1840-09-09,1843-10-14,,,,,
Полтавщина,Визначні особи,Селецький Михайло Васильович (в. о.),період,1843-10-14,1845-03-08,,,,,
Полтавщина,Визначні особи,Ознобішин Микола Ілліч,період,1845-03-08,1853-08-13,,,,,
Полтавщина,Визначні особи,Волков Олександр Павлович,період,1853-09-01,1866-01-01,,,,,
Полтавщина,Визначні особи,Мартинов Михайло Олексійович,період,1866-01-01,1878-08-09,,,,,
Полтавщина,Визначні особи,Богданович Олександр Васильович (в. о.),період,1878-08-09,1878-10-12,,,,,
Полтавщина,Визначні особи,Більбасов Петро Олексійович,період,1878-10-12,1883-08-11,,,,,
Полтавщина,Визначні особи,Янковський Євген Осипович,період,1883-08-24,1889-02-25,,,,,
Полтавщина,Визначні особи,Косаговський Павло Павлович,період,1889-02-25,1891-12-19,,,,,
Полтавщина,Визначні особи,Голіцин Володимир Михайлович,період,1891-12-23,1892-02-06,,,,,
Полтавщина,Визначні особи,Жуков Василь Розумникович (в. о.),період,1891-12-19,1892-03-03,,,,,
Полтавщина,Визначні особи,Татищев Олексій Микитович,період,1892-02-06,1896-02-21,,,,,
Полтавщина,Визначні особи,Бельгард Олександр Карлович,період,1896-03-09,1902-04-28,,,,,
Полтавщина,Визначні особи,Урусов Микола Петрович,період,1902-04-28,1906-06-17,,,,,
Полтавщина,Визначні особи,Князєв Володимир Валеріанович,період,1906-06-17,1908-10-04,,,,,
Полтавщина,Визначні особи,Муравйов Микола Леонідович,період,1908-10-04,1913-02-12,,,,,
Полтавщина,Визначні особи,Багговут Олександр Карлович,період,1913-02-12,1915,,,,,
Полтавщина,Визначні особи,Моллов Русчу Георгійович,період,1915,1917,,,,,
Московія,Визначні особи,Петро I Олексійович,період,1696,1725,Перший Імператор Всеросійський. Син царя Олексія Михайловича. Отримав титул Імператора 1721 року. Провів численні реформи. Перемога в Північній війні.,,,,
Московія,Визначні особи,Катерина I,період,1725,1727,Дружина Петра І. Продовжувала курс чоловіка. Реальний правитель — Меншиков. Створено Верховну таємну раду.,,,,
Московія,Визначні особи,Петро II Олексійович,період,1727,1730,"Онук Петра І. Під впливом Меншикова, потім роду Долгорукових. Столиця повернута в Москву.",,,,
Московія,Визначні особи,Анна Іванівна,період,1730,1740,Племінниця Петра І. Її правління називалося «біронівщиною». Посилення впливу іноземців і дворянства.,,,,
Московія,Визначні особи,Іван VI Антонович,період,1740,1741,Правнук Івана V. Немовля на троні. Скинутий Єлизаветою Петрівною. Убитий у в’язниці 1764 року.,,,,
Московія,Визначні особи,Єлизавета Петрівна,період,1741,1761,Донька Петра І. До влади прийшла переворотом. Обрала Кирила Розумовського гетьманом.,,,,
Московія,Визначні особи,Петро III Федорович,період,1761,1762,"Онук Петра І. Чоловік Катерини ІІ. Пруссофіл, видав Маніфест про вільність дворянства. Убитий після перевороту.",,,,
Московія,Визначні особи,Катерина II,період,1762,1796,"Дружина Петра III. Правила 34 роки. Проводила реформи, вела війни, анексувала Крим, знищила Гетьманщину.",,,,
Московія,Визначні особи,Павло I Петрович,період,1796,1801,"Син Катерини II. Посилив цензуру, обмежив дворянство, покращив становище селян. Убитий під час перевороту.",,,,
Московія,Визначні особи,Олександр I Павлович,період,1801,1825,"Син Павла I. Переміг Наполеона. На початку правління проводив ліберальні реформи, згодом став консервативним.",,,,
Московія,Визначні особи,Костянтин Павлович,точка,1825,1825,"Син Павла I. Фактично не правив, але після смерті Олександра І був проголошений імператором. Відмовився від престолу.",,,,
Московія,Визначні особи,Микола I Павлович,період,1825,1855,"Син Павла I. Придушив декабристів. Посилив цензуру, проводив консервативну політику. Почав Кримську війну.",,,,
Московія,Визначні особи,Олександр II Миколайович,період,1855,1881,"Син Миколи I. Визволив селян, провів судову та військову реформи. Обмежив українську мову. Загинув від теракту.",,,,
Московія,Визначні особи,Олександр III Олександрович,період,1881,1894,Син Олександра ІІ. Консервативний правитель. Не вів воєн. Уклав франко-російський союз.,,,,
Московія,Визначні особи,Микола II Олександрович,період,1894,1917,Син Олександра III. Останній Імператор. Відрікся після революції 1917 року. Страчений більшовиками.,,,,
Московія,Репресії,Заборона викладання українською в Києво-Могилянській академії,точка,1763,,Указ Катерини II про заборону викладання українською мовою у КМА.,,,,
Московія,Адміністративні зміни,Скасування українського гетьманства,точка,1764,,"Ліквідація гетьманства та культурних установ, усунення україномовних чиновників.",,,,
Московія,Адміністративні зміни,Знищення Гетьманщини і устрою Слобожанщини,період,1764,1765,Повне скасування автономного устрою України.,,,,
Московія,Освіта і культура,Заборона друку українською в Києво-Печерській лаврі,точка,1766,,Заборонено друк українською без дозволу Синоду.,,,,
Московія,Військові події,Зруйнування Запорозької Січі,точка,1775,,Московські війська зруйнували Січ після участі запорожців у російсько-турецькій війні.,,,,
Московія,Колонізація,Переселення татар і українців,точка,1777,,"Виселення кримських татар із Криму, українців з України; заселення московитами.",,,,
Московія,Освіта і культура,Спалення бібліотеки Києво-Могилянської академії,точка,1780,,Знищено одну з найбільших бібліотек Східної Європи.,,,,
Московія,Адміністрація і політика,Скасування козацького самоврядування на Лівобережжі,точка,1781,,Введення російської системи управління.,,,,
Московія,Кріпацтво,Закріпачення селян Лівобережної України,точка,1783,,Остаточне закріпачення. Також придушено Коліївщину та Турбаївське повстання.,,,,
Московія,Політична ліквідація,Остаточна ліквідація української державності,точка,1795,,Завершення процесу інтеграції українських земель до Російської імперії.,,,,
Московія,Реформи,Указ про єдинонаслідування,точка,1714,,,,,,
Московія,Реформи,Табель про ранги,точка,1722,,,,,,
Московія,Релігія і церква,Укази щодо майна монастирів,період,1701,1764,,,,,
Московія,Релігія і церква,Духовний регламент,точка,1721,,Автор — Феофан Прокопович,,,,
Московія,Релігія і церква,Заборона постригу в ченці,точка,1723,,,,,,
Московія,Адміністрація і політика,Перехід від візантійського до європейського літочислення,точка,1700,,,,,,
Московія,Адміністрація і політика,Заснування Санкт-Петербурга,точка,1703,,,,,,
Московія,Адміністрація і політика,Санкт-Петербург стає столицею,точка,1712,,,,,,
Московія,Адміністрація і політика,Утворення губерній,період,1708,1709,,,,,
Московія,Адміністрація і політика,Поділ губерній на провінції,точка,1719,,,,,,
Московія,Адміністрація і політика,Заснування Сенату,точка,1711,,,,,,
Московія,Адміністрація і політика,Упровадження колегій замість указів,період,1718,1722,,,,,
Московія,Адміністрація і політика,Проголошення Російської імперії,точка,1721,,,,,,
Московія,Адміністрація і політика,Ліквідація патріархату, створення Синоду,точка,1721,,,,,
Московія,Господарська реформа,Указ про посесійних селян,період,1721,1861,Дозволено купівлю кріпаків власниками заводів,,,,
Московія,Господарська реформа,Подушне оподаткування,точка,1724,,,,,,
Московія,Освіта і культура,Початок року з 1 січня,точка,1699,,,,,,
Московія,Освіта і культура,Перша книга з арабськими цифрами,точка,1703,,,,,,
Московія,Освіта і культура,Заборона російського одягу,точка,1705,,,,,,
Московія,Освіта і культура,Заборона борід і старого вбрання,точка,1715,,,,,,
Московія,Освіта і культура,Новий цивільний алфавіт,точка,1710,,,,,,
Московія,Освіта і культура,Заснування газети «Відомості»,точка,1702,,,,,,
Московія,Освіта і культура,Академія наук у Петербурзі,точка,1724,,,,,,
Московія,Реформи,Азовські походи,період,1695,1696,,,,,
Московія,Реформи,Північна війна,період,1700,1721,,,,,
Московія,Реформи,Перський похід,період,1722,1723,,,,,
Московія,Реформи,Рекрутська повинність,точка,1705,,,,,,
Московія,Реформи,Військовий статут,точка,1716,,,,,,
Московія,Реформи,Морський статут,точка,1720,,,,,,
Московія,Реформи,Морський регламент,точка,1722,,,,,,
Московія,Адміністрація і політика,Зруйнування Батурина,точка,1709,,Вбито 10–20 тисяч жителів,,,,
Московія,Адміністрація і політика,Згін населення з Правобережжя,період,1711,1712,,,,,
Московія,Адміністрація і політика,Заборона друку українською,точка,1720,,,,,,
Московія,Адміністрація і політика,Малоросійська колегія замість гетьмана,точка,1722,,,,,,
Московія,Адміністрація і політика,Смерть Полуботка у в’язниці,точка,1724,,,,,,
Московія,Адміністрація і політика,Початок експедиції Беринга,точка,1725,,Продовження політики Петра I,,,,
Московія,Адміністрація і політика,Відкриття Академії наук,точка,1725,,Продовження ініціатив Петра I,,,,
Московія,Адміністрація і політика,Скасування магдебурського права,точка,1725,,Скасовано міське самоврядування,,,,
Московія,Адміністрація і політика,Створення Верховної таємної ради,точка,1726,,Очолив О. Меншиков,,,,
Московія,Адміністрація і політика,Зміна статусу Синоду,точка,1726,,З «Правительствующего» на «Святейший»,,,,
Московія,Адміністрація і політика,Кріпакам заборонено ремесла,точка,1726,,,,,,
Московія,Адміністрація і політика,Повернення каторжників,період,1725,1727,Багато з них звільнено з заслання,,,,
Московія,Адміністрація і політика,Пільги для дворян,період,1725,1727,,,,,
Московія,Адміністрація і політика,Занепад флоту й армії,період,1725,1727,Через економічну кризу,,,,
Московія,Адміністрація і політика,Політика без війн,період,1725,1727,Відсутність зовнішньополітичних кампаній,,,,
Московія,Адміністрація і політика,Петро II вступає на престол,точка,1727-05-18,,Спочатку під повним впливом О. Меншикова,,,,
Московія,Адміністрація і політика,Петро II звільнений від опіки Меншикова,точка,1727-07,,Меншикова заслано,,,,
Московія,Адміністрація і політика,Оголошення самостійного правління Петра II,точка,1727-09-19,,,,,,
Московія,Адміністрація і політика,Коронація Петра II,точка,1728-03-07,,У Москві,,,,
Московія,Адміністрація і політика,Переїзд двору до Москви,точка,1728,,Столицю не повернули до Петербурга,,,,
Московія,Адміністрація і політика,Заручини Петра II з Долгоруковою,точка,1729-12-11,,Шлюб не відбувся через смерть імператора,,,,
Московія,Адміністрація і політика,Смерть Петра II,точка,1730-01-30,,,,,,
Україна,Адміністрація і політика,Скасування Малоросійської колегії,точка,1727,,,,,,
Україна,Адміністрація і політика,Обрання гетьмана Данила Апостола,точка,1727,,,,,,
Україна,Адміністрація і політика,Скасування податків у Гетьманщині,точка,1727,,Крім передбачених Березневими статтями 1654,,,,
Україна,Адміністрація і політика,Справи України передано до Колегії закордонних справ,точка,1727,,,,,,
Україна,Адміністрація і політика,Заборона росіянам купувати землі в Україні,точка,1727,,,,,,
Україна,Адміністрація і політика,Кодифікаційна комісія в Глухові,точка,1728,,Комісія з укладання кодексу «Права, за якими судяться малоросійський народ»,,,
Московія,Адміністрація і політика,Розпуск Верховної таємної ради,точка,1730,,,,,,
Московія,Адміністрація і політика,Заснування Кабінету міністрів,точка,1731,,,,,,
Московія,Адміністрація і політика,Скасування указу про єдиноспадкування,точка,1731,,,,,,
Московія,Адміністрація і політика,Шляхетний кадетський корпус,точка,1731,,,,,,
Московія,Адміністрація і політика,Обмеження служби дворян 25 роками,точка,1731,,,,,,
Московія,Адміністрація і політика,Канцелярія таємних розшукових справ,точка,1730,,Символ епохи біронівщини,,,,
Московія,Адміністрація і політика,Репресивний режим біронівщини,період,1730,1740,"Понад 20 тис. засланих, до 1000 страчених",,,,
Московія,Адміністрація і політика,Страта князів Долгоруких і Волинського,точка,1739,,Розправа з вельможами,,,,
Московія,Адміністрація і політика,Війна за польську спадщину,період,1733,1735,"Август III став королем Польщі, Франція втратила вплив",,,,
Московія,Адміністрація і політика,Російсько-турецька війна,період,1735,1739,"Отримано Азов, втрати на Правобережжі",,,,
Московія,Адміністрація і політика,Белградський мир,точка,1739,,Завершення війни з Туреччиною,,,,
Московія,Адміністрація і політика,Передача Каспію Ірану,точка,1735,,З метою зміцнення союзу,,,,
Україна,Адміністрація і політика,Смерть гетьмана Апостола і скасування виборів,точка,1734,,,,,,
Україна,Адміністрація і політика,Правління гетьманського уряду,період,1734,1750,,,,,
Україна,Адміністрація і політика,Таємна канцелярія діє в Україні,період,1730,1740,Репресії проти козаків,,,,
Україна,Адміністрація і політика,Поділ козацтва на виборних і підпомічників,точка,1730,,,,,,
Україна,Адміністрація і політика,Русифікація освіти,точка,1731,,Замінено українські церковні книги на московські,,,,
Україна,Адміністрація і політика,Указ про змішані шлюби,точка,1734,,Заборона шлюбів з поляками і білорусами, заохочення з росіянами,,,
Україна,Адміністрація і політика,Спалення львівських календарів,точка,1738-12-26,,Указ генерал-губернатору Леонтьєву,,,,
Україна,Адміністрація і політика,Будівництво Української лінії,період,1731,1739,До 30 тис. селян і козаків залучено до робіт,,,,
Україна,Адміністрація і політика,Амністія запорожців і дозвіл на Нову Січ,точка,1734,,Перед початком війни з Туреччиною,,,,
Україна,Адміністрація і політика,Економічне виснаження через війну з Кримом,період,1736,1739,,,,,
Московія,Адміністрація і політика,Маніфест про престолонаслідування,точка,1741,,Перший документ Єлизавети,,,,
Московія,Адміністрація і політика,Коронація Єлизавети Петрівни,точка,1742-04-25,,Успенський собор, Кремль,,,
Московія,Адміністрація і політика,Дворянство для лейб-гвардії,точка,1742,,Солдати Преображенського полку отримали маєтності,,,,
Московія,Адміністрація і політика,Відновлення законів Петра I,точка,1741-12-12,,,,,,
Московія,Адміністрація і політика,Ліквідація Кабміну,точка,1741,,,,,,
Московія,Адміністрація і політика,Відновлення Сенату і колегій,період,1741,1745,Берг, Мануфактур, Магістрат, Провіантська колегія,
Московія,Адміністрація і політика,Відновлення прокуратури,період,1740,1750,,,,,
Московія,Адміністрація і політика,Гуманізація покарань за хабарництво,точка,1745,,Скасовано смертну кару — замінено м’якшими заходами,,,,
Московія,Адміністрація і політика,Скасування смертної кари,точка,1756,,,,,,
Московія,Адміністрація і політика,Укази про інвалідні будинки,точка,1756,,,,,,
Московія,Адміністрація і політика,Заснування Московського університету,точка,1755,,І. Шувалов і М. Ломоносов,,,,
Московія,Адміністрація і політика,Відкрито дві гімназії в Москві,точка,1756,,,,,,
Московія,Адміністрація і політика,Газета «Московские ведомости»,точка,1756,,,,,,
Московія,Адміністрація і політика,Журнал «Полезное увеселение»,точка,1760,,,,,,
Московія,Адміністрація і політика,Скасування внутрішніх митниць,період,1753,1754,Ініціатор — Петро Шувалов,,,,
Московія,Адміністрація і політика,Позиковий і Державний банки,точка,1754,,Для дворян і купців,,,,
Московія,Адміністрація і політика,Скликання Комісії об Уложенії,період,1750,1759,Ініціатива — О. Бестужев-Рюмін,,,,
Московія,Адміністрація і політика,Заснування національного театру,точка,1750,,Федір Волков,,,,
Московія,Адміністрація і політика,Заснування Академії мистецтв,точка,1757,,,,,,
Московія,Адміністрація і політика,Пільгові відпустки для дворян,точка,1750,,Служба 25 років стала умовною,,,,
Московія,Адміністрація і політика,Примус офіцерів повернутись до служби,період,1756,1757,,,,,
Московія,Адміністрація і політика,Запис дітей у полки,період,1750,1760,Для прискорення отримання офіцерських чинів,,,,
Московія,Адміністрація і політика,Маніфест про вольності дворянства,точка,1757,,Пізніше підписаний Катериною II,,,,
Московія,Адміністрація і політика,Російсько-шведська війна,період,1741,1743,Росія отримала частину Фінляндії,,,,
Московія,Адміністрація і політика,Антипруський союз із Австрією,точка,1756,,Відмова від союзу з Францією,,,,
Московія,Адміністрація і політика,Участь у Семирічній війні,період,1756,1763,Успішні кампанії Росії,,,,
Московія,Адміністрація і політика,Взяття Кенігсберга і приєднання Східної Пруссії,точка,1758,,,,,,
Московія,Адміністрація і політика,Взяття Берліна,точка,1760,,Кульмінація військової слави Росії,,,,
Московія,Адміністрація і політика,Смерть Єлизавети Петрівни,точка,1761-12-25,,,,,,
Московія,Адміністрація і політика,Вступ Петра III на престол,точка,1762-01-05,,,,,,
Московія,Адміністрація і політика,Маніфест про вольності дворянства,точка,1762-03-01,,Звільнення дворян від обов’язкової служби,,,,
Московія,Адміністрація і політика,Скасування Таємної канцелярії,точка,1762-03-04,,,,,,
Московія,Адміністрація і політика,Указ про свободу зовнішньої торгівлі,точка,1762-03-28,,Заборона імпорту цукру, захист лісів,,,
Московія,Адміністрація і політика,Указ про створення Державного банку,точка,1762-05-25,,Випуск асигнацій,,,,
Московія,Адміністрація і політика,Маніфест про бунти в Тверському повіті,точка,1762-06-19,,Підтвердження кріпосного ладу,,,,
Московія,Адміністрація і політика,Початок секуляризації церковних земель,точка,1762,,,,,,
Московія,Адміністрація і політика,Скасування переслідувань старообрядців,точка,1762,,,,,,
Московія,Адміністрація і політика,Призначення іноземців до управління,точка,1762,,Бірон, Мініх, фон дер Гольц,,
Московія,Адміністрація і політика,Повернення опальних вельмож,точка,1762,,Мініх, Бірон та інші,,,
Московія,Адміністрація і політика,Петербурзький мир з Пруссією,точка,1762-04-24,,Повернення Східної Пруссії,,,,
Московія,Адміністрація і політика,Підготовка до війни з Данією,період,1762-01,1762-07,План захоплення Шлезвіг-Гольштейну,,,,
Московія,Адміністрація і політика,Провокація турків проти Австрії,точка,1762-04-28,,Наказ резиденту в Османській імперії,,,,
Московія,Адміністрація і політика,Скасування антидатських розпоряджень,точка,1762-06-29,,Наказ Катерини II після перевороту,,,,
Московія,Адміністрація і політика,192 законодавчі акти за 186 днів,період,1762-01,1762-07,,,,,
Московія,Адміністрація і політика,Поширення кріпацтва,період,1762-01,1762-07,13 тис. селян переведено до кріпаків,,,,
Московія,Адміністрація і політика,Селянські бунти в Твері та Клинському повіті,точка,1762-06,,,,,,
Московія,Адміністрація і політика,Спроба гвардії вийти на війну з Данією,точка,1762-07,,Спричинило змову на користь Катерини II,,,,
Московія,Адміністрація і політика,Переворот і усунення Петра III,точка,1762-06-28,,,,,,
Московія,Адміністрація і політика,Маніфест про спадкоємність престолу,точка,1741-12-06,,Перший підписаний документ Єлизавети Петрівни,,,,
Московія,Адміністрація і політика,Коронація Єлизавети Петрівни,точка,1742-04-25,,Успенський собор, Москва,,,
Московія,Адміністрація і політика,Указ про відновлення петровських реформ,точка,1741-12-12,,Наказ дотримуватись постанов Петра I,,,,
Московія,Адміністрація і політика,Відновлення Сенату,точка,1741-12-12,,Замість Кабінету міністрів,,,,
Московія,Адміністрація і політика,Відновлення прокуратури,період,1741,1749,,,,,
Московія,Адміністрація і політика,Гуманізація правосуддя,період,1741,1756,Скасовано смертну кару у 1756,,,,
Московія,Адміністрація і політика,Указ про інвалідні будинки і богадільні,період,1750,1756,,,,,
Московія,Адміністрація і політика,Розвиток Москви,період,1755,1760,Університет, гімназії, друковані видання,,
Московія,Адміністрація і політика,Заснування Московського університету,точка,1755,,Іван Шувалов, Ломоносов,,,
Московія,Адміністрація і політика,Відкриття гімназій у Москві та Казані,період,1755,1756,,,,,
Московія,Адміністрація і політика,Газета «Московские ведомости»,точка,1756,,,,,,
Московія,Адміністрація і політика,Перший московський журнал,точка,1760,,«Полезное увеселение»,,,,
Московія,Адміністрація і політика,Скасування внутрішніх митниць,період,1753,1754,Петро Шувалов,,,,
Московія,Адміністрація і політика,Позиковий і Державний банки,точка,1754,,Для дворян і купців,,,,
Московія,Адміністрація і політика,Комісія з Уложення,період,1750,1759,Олексій Бестужев-Рюмін,,,,
Московія,Адміністрація і політика,Формування культурної політики,період,1750,1757,Волков, театр, Академія мистецтв,,
Московія,Адміністрація і політика,Заснування Академії мистецтв,точка,1757,,Санкт-Петербург,,,,
Московія,Адміністрація і політика,Підготовка Маніфесту про вольності дворян,період,1756,1757,Підписано пізніше Катериною II,,,,
Московія,Адміністрація і політика,Запис дітей до армії з дитинства,період,1750,1757,Сприяння ранньому отриманню чинів,,,,
Московія,Адміністрація і політика,Російсько-шведська війна,період,1741,1743,Отримано частину Фінляндії,,,,
Московія,Адміністрація і політика,Антипруський союз з Австрією,точка,1746,,Розрив з Францією,,,,
Московія,Адміністрація і політика,Семирічна війна,період,1756,1763,Успішна участь,,,,
Московія,Адміністрація і політика,Взяття Кенігсберга,точка,1758,,Східна Пруссія приєднана,,,,
Московія,Адміністрація і політика,Взяття Берліна,точка,1760,,Кульмінація військової слави Росії,,,,
Московія,Адміністрація і політика,Роздача державних селян дворянам,період,1796,1800,600 тис. селян, з них 150 тис. в Україні,,,
Московія,Адміністрація і політика,Роздача земель на Півдні України,період,1796,1800,8 млн десятин землі,,,,
Московія,Адміністрація і політика,Указ про закріпачення Півдня України,точка,1796-12,,,Закріпачення селян Півдня, Дону і Приазов'я,,
Московія,Адміністрація і політика,Указ про триденну панщину,точка,1797,,,Спроба обмеження повинностей,,,
Московія,Адміністрація і політика,Скасування намісництв,точка,1796,,,Повернення поділу на губернії,,,
Московія,Адміністрація і політика,Відновлення судової системи,точка,1796,,,Поновлення Генерального земського та підкоморського судів,,,
Московія,Адміністрація і політика,Сувора цензура,точка,1797,,,Закриття приватних друкарень,,,
Московія,Адміністрація і політика,Заборона іноземної літератури,точка,1800,,,,,,
Московія,Адміністрація і політика,Армійська реформа за прусським зразком,період,1797,1800,,,,,
Московія,Адміністрація і політика,Поновлення підкоморського суду,точка,1796,,,,,,
Московія,Адміністрація і політика,Магдебурзьке право у деяких містах,точка,1796,,,,,,
Московія,Адміністрація і політика,Заборона церков у малоросійському стилі,точка,1801,,,,,,
Московія,Адміністрація і політика,Італійський похід Суворова,точка,1799,,,Антифранцузька коаліція,,,
Московія,Адміністрація і політика,Швейцарський похід Суворова,точка,1799,,,Антифранцузька коаліція,,,
Московія,Адміністрація і політика,Розрив дипломатичних відносин з Британією,точка,1800,,,,,,
Московія,Адміністрація і політика,Зближення з Наполеоном,період,1800,1801,,,,,
Московія,Військові події,Московсько-булгарська війна,період,1376,1376,,,,,
Московія,Військові події,Московсько-казанська війна,період,1437,1445,,,,,
Московія,Військові події,Московсько-казанська війна,період,1467,1469,,,,,
Московія,Військові події,Московсько-казанська війна,період,1478,1480,,,,,
Московія,Військові події,Московсько-казанська війна,період,1487,1487,,,,,
Московія,Військові події,Московсько-казанська війна,період,1505,1507,,,,,
Московія,Військові події,Московсько-казанська війна,період,1521,1524,,,,,
Московія,Військові події,Московсько-казанська війна,період,1530,1531,,,,,
Московія,Військові події,Московсько-казанська війна,період,1535,1552,,,,,
Московія,Військові події,Московсько-казанська війна,період,1552,1556,,,,,
Московія,Військові події,Московсько-казанська війна,період,1368,1537,,,,,
Московія,Військові події,Московсько-литовські війни,період,1562,1582,,,,,
Московія,Військові події,Московсько-литовська війна,період,1652,1689,,,,,
Московія,Військові події,Московсько-цінські війни,період,1769,1801,,,,,
Московія,Військові події,Російсько-грузинські війни,період,1756,1763,,,,,
Московія,Військові події,Російсько-німецька війна,період,1914,1918,,,,,
Московія,Військові події,Російсько-німецька війна,період,1941,1945,,,,,
Московія,Військові події,Російсько-німецька війна,період,1569,1582,,,,,
Московія,Військові події,Російсько-польська війна,період,1605,1618,,,,,
Московія,Військові події,Російсько-польська війна,період,1632,1634,,,,,
Московія,Військові події,Російсько-польська війна,період,1654,1667,,,,,
Московія,Військові події,Російсько-польська війна,період,1700,1721,,,,,
Московія,Військові події,Російсько-польська війна,період,1733,1735,,,,,
Московія,Військові події,Російсько-польська війна,період,1792,1792,,,,,
Московія,Військові події,Російсько-польська війна,період,1794,1795,,,,,
Московія,Військові події,Російсько-польська війна,період,1812,1812,,,,,
Московія,Військові події,Російсько-польська війна,період,1830,1831,,,,,
Московія,Військові події,Російсько-польська війна,період,1863,1864,,,,,
Московія,Військові події,Російсько-польська війна,період,1920,1921,,,,,
Московія,Військові події,Російсько-польська війна,період,1939,1939,,,,,
Московія,Військові події,Російсько-польська війна,період,1651,1653,Збройне зіткнення через вплив у Дагестані,,,,
Московія,Військові події,Московсько-перський конфлікт,період,1722,1723,Походи на Дербент, Баку, встановлення контролю над південним узбережжям Каспію,,
Московія,Військові події,Перський похід Петра I,точка,1796,,Помста за напад Персії на Тбілісі, часткове вторгнення,,,
Московія,Військові події,Російсько-перська війна,період,1804,1813,Війна через приєднання Східної Грузії, Гюлістанський мир,,,
Московія,Військові події,Російсько-перська війна,період,1826,1828,Іран намагався повернути території, Туркманчайський мир,,,
Московія,Військові події,Російсько-перська війна,період,1568,1570,Перша відома війна з Османською імперією,,,,
Московія,Військові події,Московсько-турецька війна,період,1676,1681,Конфлікт за Лівобережну Україну,,,,
Московія,Військові події,Московсько-турецька війна,період,1686,1700,Частина Великої турецької війни, союз з Австрією,,,
Московія,Військові події,Московсько-турецька війна (Велика турецька),період,1710,1713,Пов’язана з Великою Північною війною, конфлікт у Прутській кампанії,,,
Московія,Військові події,Російсько-турецька війна,період,1735,1739,Конфлікт за Крим і Азов,,,,
Московія,Військові події,Російсько-турецька війна,період,1768,1774,Завершена Кючук-Кайнарджійським миром, перехід Криму до РФ,,,
Московія,Військові події,Російсько-турецька війна,період,1787,1792,Закріплення контролю над Північним Причорномор’ям,,,,
Московія,Військові події,Російсько-турецька війна,період,1806,1812,Росія зайняла Бессарабію, послаблення Османської імперії,,,
Московія,Військові події,Російсько-турецька війна,період,1828,1829,Росія окупувала частину Болгарії, укріплення позицій у Балканах,,,
Московія,Військові події,Російсько-турецька війна (Кримська),період,1853,1856,Кримська війна: коаліція Османів, Франції, Британії проти Росії,,
Московія,Військові події,Російсько-турецька війна,період,1877,1878,Звільнення Болгарії, Сан-Стефанський мир,,,
Московія,Військові події,Російсько-турецька війна (1 світова),період,1914,1918,Кавказький фронт Першої світової війни, боротьба за Закавказзя,,,
Московія,Військові події,Російсько-українська війна,період,1658,1659,,,,,
Московія,Військові події,Російсько-українська війна,період,1660,1663,,,,,
Московія,Військові події,Російсько-українська війна,період,1665,1676,,,,,
Московія,Військові події,Російсько-українська війна,період,1708,1709,,,,,
Московія,Військові події,Російсько-українська війна,період,1918,1920,,,,,
Московія,Військові події,Російсько-українська війна,період,2014,,,,,,
Московія,Військові події,Російсько-французькі війни,період,1805,1814,,,,,
Московія,Військові події,Російсько-черемиські війни,період,1552,1592,,,,,
Московія,Військові події,Російсько-черкеські війни,період,1817,1864,,,,,
Московія,Військові події,Російсько-чеченська війна,період,1817,1864,,,,,
Московія,Військові події,Російсько-чеченська війна,період,1994,1996,,,,,
Московія,Військові події,Російсько-чеченська війна,період,1999,2009,,,,,
Московія,Військові події,Російсько-чукотські війни,період,1641,1779,,,,,
Московія,Військові події,Московсько-шведська війна,період,1554,1557,Конфлікт через Карелію, перший прямий збройний конфлікт,,,
Московія,Військові події,Лівонська війна,період,1558,1583,Швеція vs Московія, боротьба за Лівонію, союзна війна,,
Московія,Військові події,Московсько-шведська війна,період,1590,1595,Мир у Тявзіні, Москва повернула собі частину земель,,,
Московія,Військові події,Шведсько-московська війна,період,1610,1617,Швеція займає Інгрію, мир у Столбові,,,
Московія,Військові події,Московсько-шведська війна,період,1656,1658,Спроба Росії повернути Інгрію, неуспішно,,,
Московія,Військові події,Велика Північна війна,період,1700,1721,Петро I, битва під Полтавою, Росія виходить до Балтики,,
Московія,Військові події,Російсько-шведська війна,період,1741,1743,Захоплення частини Фінляндії, мир у Абое,,,
Московія,Військові події,Російсько-шведська війна,період,1788,1790,Невизначені результати, збереження статус-кво,,,
Московія,Військові події,Російсько-шведська війна,період,1808,1809,Швеція втрачає Фінляндію, Фінляндія включена до Росії,,,
Московія,Військові події,Російсько-японська війна,період,1904,1905,,,,,
Московія,Військові події,Російсько-японська війна,період,1938,1938,,,,,
Московія,Військові події,Російсько-японська війна,період,1939,1939,,,,,
Московія,Військові події,Російсько-японська війна,період,1945,1945,,,,,
Україна,Військові події,Українсько-польська війна,період,1654,1667,,,,,
Україна,Військові події,Українсько-польська війна,період,1666,1671,,,,,
Україна,Військові події,Українсько-польська війна,період,1672,1676,,,,,
Україна,Військові події,Українсько-польська війна,період,1734,1734,,,,,
Україна,Військові події,Українсько-польська війна,період,1750,1750,,,,,
Україна,Військові події,Українсько-польська війна,період,1702,1704,,,,,
Україна,Військові події,Українсько-польська війна,період,1768,1769,,,,,
Україна,Військові події,Українсько-польська війна,період,1918,1919,,,,,
Україна,Військові події,Українсько-польська війна,період,1943,1944,,,,,
Україна,Військові події,Московсько-українська війна,період,1658,1659,,,,,
Україна,Військові події,Московсько-українська війна,період,1660,1663,,,,,
Україна,Військові події,Московсько-українська війна,період,1665,1676,,,,,
Україна,Військові події,Московсько-українська війна,період,1708,1709,,,,,
Україна,Військові події,Московсько-українська війна,період,1918,1920,,,,,
Україна,Військові події,Московсько-українська війна,період,2014,,,,,,
Україна,Військові події,Українсько-кримськотатарська війна,період,1683,1684,,,,,
Україна,Військові події,Українсько-кримськотатарська війна,період,1683,1699,,,,,
Україна,Військові події,Українсько-литовська війна,період,1649,1649,,,,,
Україна,Військові події,Українсько-литовська війна,період,1648,1657,,,,,
Україна,Військові події,Українсько-турецька війна,період,1616,1616,,,,,
Україна,Військові події,Українсько-турецька війна,період,1620,1621,,,,,
Україна,Військові події,Українсько-турецька війна,період,1633,1634,,,,,
Україна,Військові події,Українсько-турецька війна,період,1735,1739,,,,,
Україна,Військові події,Розорення Києва,точка,1169,,Похід Андрія Боголюбського, пограбування Києва як «чужого» міста,,,
Україна,Військові події,Литовсько-московська війна,період,1487,1494,Перша війна за Київську спадщину між ВКЛ і Москвою,,,,
Україна,Військові події,Литовсько-московська війна,період,1512,1522,Четверта війна за українські землі, Битва під Оршею,,,
Україна,Військові події,Польсько-московська війна,період,1609,1618,Участь українців, облога Москви 1618 року,,,
Україна,Військові події,Смоленська війна,період,1632,1634,Битва під Щелканово, конфлікт Речі Посполитої та Московії,,,
Україна,Військові події,Московсько-українська війна,період,1658,1659,Гетьман Іван Виговський, битва під Конотопом,,,
Україна,Військові події,Московсько-українська війна,період,1660,1663,Юрій Хмельницький проти Московії, битва під Чудновим,,,
Україна,Військові події,Антимосковське повстання,точка,1668,,Іван Брюховецький, виступ проти московської влади,,,
Україна,Військові події,Московсько-українська війна,період,1674,1676,Петро Дорошенко, облога Чигирина московськими військами,,,
Україна,Військові події,Північна війна (український фронт),період,1708,1712,Мазепа, Батурин, Полтава, похід Орлика на Київщину,
Україна,Військові події,Придушення Коліївщини,точка,1768,,Гайдамацьке повстання придушено московськими військами,,,,
Україна,Військові події,Ліквідація Запорозької Січі,точка,1775,,Формальне знищення автономної козацької структури,,,,
Україна,Військові події,Київська козаччина,точка,1855,,Селянське антикріпосницьке повстання під час Кримської війни,,,,
Україна,Військові події,Радянсько-українська війна,період,1917,1922,Війна УНР проти більшовиків і білогвардійців,,,,
Україна,Військові події,Радянське вторгнення в Україну,точка,1919,,Масове вторгнення більшовиків на територію УНР,,,,
Західна Україна,Військові події,Антирадянська боротьба УПА,період,1941,1953,Збройна боротьба ОУН-УПА проти радянського режиму,,,,
Україна,Військові події,Кримська криза,період,1992,1994,Політичне і воєнне протистояння за флот і Крим,,,,
Україна,Військові події,Повстання на СКР-112,точка,1992,,Перший збройний інцидент у Чорному морі,,,,
Україна,Військові події,Конфлікт щодо острова Тузла,точка,2003,,Суперечка за кордон у Керченській протоці,,,,
Україна,Військові події,Російсько-українська війна,період,2014,2025,Анексія Криму, війна на Донбасі, повномасштабне вторгнення,,
Україна,Військові події,Захоплення Криму,точка,2014,,Без оголошення війни РФ окупувала півострів,,,,
Україна,Військові події,Війна на сході України,період,2014,2021,Військові дії в Донецькій і Луганській областях,,,,
Московія,Військові події,Конфлікт у Керченській протоці,точка,2018,,Росія атакувала українські катери і захопила моряків,,,,
Україна,Військові події,Російське вторгнення,період,2022,2025,Повномасштабна війна РФ проти України, мобілізація, окупація, спротив,
Московія,Військові події,Початок конфліктів з Кримом,період,1465,1783,Регулярні набіги та війни до анексії Криму,,,,
Московія,Військові події,Стояння на річці Угрі,точка,1480,,Протистояння з Ордою, татарські втручання,,,
Московія,Військові події,Напади на Бельов і Козельськ,точка,1507,,Початок регулярних нападів після смерті Івана III,,,,
Московія,Військові події,Похід з руйнуванням Москви,точка,1521,,Хан з 50 000 захопив передмістя Москви,,,,
Московія,Військові події,Кампанія з 20 походів,період,1533,1547,Період регентства за Івана IV, щорічні напади,,,
Московія,Військові події,Кримський переправ через Оку,точка,1541,,Османська артилерія, похід на Москву,,,
Московія,Військові події,Набіги з підтримкою Казані і Османів,період,1555,1565,Серія походів на Рязань і Тулу,,,,
Московія,Військові події,Чорноморські походи Московії,період,1556,1559,Відповідь на набіги: рейди до Криму та Чорного моря,,,,
Московія,Військові події,Спалення Рязані,точка,1564,,Похід кримського війська на Рязанський посад,,,,
Московія,Військові події,Московсько-кримська війна,період,1571,1572,Спалення Москви й Молодинська битва,,,,
Московія,Військові події,Похід на Москву,точка,1591,,Набіг кримців до столиці Московії,,,,
Московія,Військові події,Спалення передмість Москви,точка,1592,,Московське військо на війні зі Швецією,,,,
Московія,Військові події,Ногайський похід у часи Смут,точка,1614,,Багато полонених, ціна раба впала в Кафі,,,
Московія,Військові події,Звільнення полонених,точка,1618,,15 000 звільнено за мирною угодою,,,,
Московія,Військові події,Кримська засада на військо з Лівен,точка,1632,,300 вбитих, решта — в полоні,,,
Московія,Військові події,Великий наскок кримців,точка,1632,,20 000 кримців вдерлись у Московію,,,,
Московія,Військові події,Прорив берегової лінії,точка,1633,,30 000 кримців узяли тисячі бранців,,,,
Московія,Військові події,Останній великий похід,точка,1633,,Останній прорив глибоко вглиб Московії,,,,
Московія,Військові події,Невеликі набіги на Рязань,точка,1635,,Рейди окремих загонів,,,,
Московія,Військові події,Нелегальні походи,період,1637,1643,Кримські вельможі і ногайці діяли без хана,,,,
Московія,Військові події,Похід на Козлов,точка,1643,,600 кримців і 200 запорожців захопили 262 бранців,,,,
Московія,Військові події,Великий похід з 10 000 бранців,точка,1644,,Пограбування півдня Московії,,,,
Московія,Військові події,Османське заохочення походів,точка,1645,,6 000 бранців, раби на галери проти Венеції,,,
Московія,Реформи,Будівництво Бєлгородської лінії,точка,1650,,Засічна лінія зміщена на 300 км південніше,,,,
Московія,Реформи,Ізюмська лінія,точка,1680,,Захист у межах 150 км від Чорного моря,,,,
Московія,Військові події,Невдалі кримські походи,період,1687,1689,Росіяни намагались вдертись у Крим — безуспішно,,,,
Московія,Військові події,Захоплення кількох тисяч бранців,період,1691,1692,Рейди поблизу Ізюмської лінії,,,,
Московія,Військові події,Зимовий похід кримців,точка,1769,,Кілька тисяч захоплено в полон,,,,
Україна,Реформи,Крим стає васалом Росії,точка,1774,,Формальна залежність від імперії,,,,
Україна,Реформи,Анексія Криму Росією,точка,1783,,Остаточне включення Криму до Російської імперії,,,,
Україна,Стихійні лиха і епідемії,Чума Антоніна,період,165,180,Ймовірно віспа або кір, могла торкнутись півдня України (скіфські землі),,,
Україна,Стихійні лиха і епідемії,Чума Кипріяна,період,250,271,Поширення у Римській імперії, могли торкнутись південних степів України,,,
Україна,Стихійні лиха і епідемії,Чума Юстиніана (1-а пандемія чуми),період,541,~700,Поширення з Візантії на Балкани та Причорномор’я,,,,
Україна,Стихійні лиха і епідемії,Чорна смерть (2-а пандемія чуми),період,1346,1353,Охопила Крим, Київ, Чернігів, Переяслав,
Україна,Стихійні лиха і епідемії,"Повторні хвилі ""Чорної смерті""",період,~1480,~1600,Великі спалахи у Львові, Кам’янці, Києві,,
Україна,Стихійні лиха і епідемії,Чума під час Великої Північної війни,період,1708,1710,Військові дії охоплювали Лівобережжя, висока смертність серед населення і військ,,,
Україна,Стихійні лиха і епідемії,Епідемія чуми в Російській імперії,період,1770,1772,Охопила Молдову та південь України (зокрема Київ), карантин у Лаврі,,,
Україна,Стихійні лиха і епідемії,Чума в Одесі,точка,1812,1812,2632 померлих, суворий карантин 46 діб, понад 10% населення міста,,
Україна,Стихійні лиха і епідемії,1-ша холерна пандемія,період,1817,1824,Чорноморське узбережжя, південь України,,,
Україна,Стихійні лиха і епідемії,2-га холерна пандемія,період,1826,1837,Спалахи в Одесі, Києві, Полтаві,,
Україна,Стихійні лиха і епідемії,3-тя холерна пандемія,період,1846,1860,Випадки в Києві, Харкові, Одесі, Львові,
Україна,Стихійні лиха і епідемії,4-та холерна пандемія,період,1863,1875,У Києві до 140 смертей щодня (1871), 1151 за два тижні (1872),,,
Україна,Стихійні лиха і епідемії,5-та холерна пандемія,період,1881,1896,Великий спалах у Харкові (1893), 2300 смертей у Галичині та Буковині,,,
Україна,Стихійні лиха і епідемії,6-та холерна пандемія,період,1899,1923,Згадувано в Одесі, Миколаєві, на Дону,,
Україна,Стихійні лиха і епідемії,7-ма холерна пандемія (Одеса),точка,1970,1970,125 хворих, 13 смертей, місто повністю ізольоване,,
Україна,Стихійні лиха і епідемії,Холерні спалахи 1990-х,період,1991,1996,14 областей, пік у 1994 (845 хворих), у 1995 — 548, летальність до 2,6%
Україна,Стихійні лиха і епідемії,Холера в Маріуполі,точка,2011,2011,Випадки холери, заборона на купання, вилов і продаж риби,,
Україна,Стихійні лиха і епідемії,Російський грип,період,1889,1890,Масова смертність у Харкові, Києві,,,
Україна,Стихійні лиха і епідемії,"Іспанський грип (""іспанка"")",період,1918,1920,Уражено всю Україну: війська, цивільне населення,,,
Україна,Стихійні лиха і епідемії,Азійський грип,період,1956,1958,Радянська Україна — одна з зон ураження,,,,
Україна,Стихійні лиха і епідемії,Гонконзький грип,період,1968,1972,СРСР включно з Україною,,,,
Україна,Стихійні лиха і епідемії,Радянський грип,період,1978,1979,Спалах у СРСР, зокрема в Україні,,,
Україна,Соціум і міграції,Припинення переселень через Першу світову,точка,1914,,Ініційоване державою переселення завершено,,,,
Україна,Соціум і міграції,Переселення козаків з Сумщини до Оренбурзької лінії,період,1750,1760,Козаки з Лебедина, Охтирки та Гадяча переселені до прикордонної служби,,,
Україна,Соціум і міграції,Втечі селян із Лівобережжя на Запорожжя,період,1700,1768,Добровільне переселення для уникнення кріпацтва,,,,
Україна,Соціум і міграції,Депортація кримських татар і переселення з України,точка,1944,,Виселення татар із Криму, частина зупинилася в Україні,,,
Україна,Соціум і міграції,Евакуація населення на схід СРСР,період,1941,1943,Масова евакуація під час Другої світової війни,,,,
Україна,Соціум і міграції,Депортація українців з Холмщини і Лемківщини,період,1944,1946,"Операція ""Вісла"" та обмін населенням між Польщею і УРСР",,,,
Україна,Соціум і міграції,Репатріація радянських громадян,період,1945,1950,Повернення українців з Німеччини, Польщі та інших країн,,,
Україна,Соціум і міграції,Переселення українців у межах СРСР,період,1950,1980,Трудові міграції до Казахстану, Сибіру, Уралу,,
Україна,Соціум і міграції,Еміграція після здобуття незалежності,період,1991,2000,Початок хвилі економічної еміграції,,,,
Україна,Соціум і міграції,Масова трудова еміграція до ЄС,період,2000,2020,Трудова міграція переважно до Польщі, Італії, Чехії,,
Україна,Соціум і міграції,Внутрішнє переселення через війну на сході,період,2014,триває,Мільйони переселенців з Донбасу,,,,
Україна,Соціум і міграції,Масова евакуація через повномасштабне вторгнення,період,2022,триває,Понад 5 млн внутрішніх переселенців та біженців,,,,
Україна,Соціум і міграції,Переселення Чорноморського козацького війська на Кубань,період,1793,1794,25 тис. осіб переселено за наказом Катерини II,,,,
Україна,Соціум і міграції,Поповнення Кубанського війська катеринославськими козаками,період,1802,1804,7 тис. козаків переселено з Катеринославщини,,,,
Україна,Соціум і міграції,Переселення козаків на кордон з татарами,період,1806,1809,7 тис. козаків за ініціативою А.-Е. де Рішельє,,,,
Україна,Соціум і міграції,Переселення для зміцнення південного кордону,період,1809,1811,Бл. 24 тис. чоловіків і 19 тис. жінок переселено,,,,
Україна,Соціум і міграції,Переселення 25 тис. малоросійських козаків,точка,1820,,З метою забезпечення хлібом Кубанського війська,,,,
Україна,Соціум і міграції,Переселення малоросійських полків на Терек,точка,1832,,1-й і 2-й Малоросійські полки переселено в Терську область,,,,
Україна,Соціум і міграції,Масове переселення українських селян до Сибіру,період,1861,1914,Спричинене скасуванням кріпацтва та малоземеллям,,,,
Україна,Соціум і міграції,Організація переселенських округів,період,1880,1914,Царська влада визначає райони колонізації: Тобольський, Томський, Семиреченський тощо,,
Україна,Соціум і міграції,Столипінська реформа і переселення,період,1906,1914,"Підтримка переселення для закріплення ""єдиної Росії""",,,,
Україна,Соціум і міграції,Припинення переселення через Першу світову війну,точка,1914,,Офіційне згортання державної колонізаційної політики,,,,
Лівобережна Україна,Військові події,Поділ на 10 полків,період,1648,1782,Полковий устрій з сотнями,,,,
Лівобережна Україна,Військові події,Довічна козацька служба,період,1600,1780,Формально довічна, фактично до 60 років,,,
Лівобережна Україна,Реформи,Полтавська битва і ліквідація полків,період,1709,1785,Зменшення автономії, ліквідація полків,,,
Лівобережна Україна,Реформи,Скасування гетьманства,точка,1764,,Гетьманську владу скасовано,,,,
Лівобережна Україна,Реформи,Скасування полкового устрою,період,1782,1785,Полки ліквідовані як адмінодиниці,,,,
Лівобережна Україна,Реформи,Рекрутська повинність Петра I,точка,1705,,Початок обов’язкового набору до армії,,,,
Лівобережна Україна,Реформи,Рекрутський статут,точка,1793,,Введення довічної служби (згодом скорочено до 25 років),,,,
Лівобережна Україна,Військові події,Служба скорочена до 20 років,точка,1834,,З подальшими 5 роками в запасі,,,,
Лівобережна Україна,Військові події,Скорочення до 12–7 років,період,1855,1872,Поетапне скорочення служби,,,,
Лівобережна Україна,Реформи,Військова реформа — загальна повинність,точка,1874,,Скасовано рекрутство, 6+9 років служби,,,
Лівобережна Україна,Військові події,Перша світова війна,період,1914,1917,Мобілізація в царську армію (6+9 років),,,,
Лівобережна Україна,Військові події,Спроби мобілізації УНР,період,1917,1921,Універсали, добровольці, мобілізація 1919, анархія,
Лівобережна Україна,Військові події,Мобілізації більшовиків,період,1919,1921,Червоний воєнкомат, всеохопна мобілізація,,,
Лівобережна Україна,Реформи,Введення загальної військової повинності в СРСР,точка,1925,,2 роки строкової служби + резерв,,,,
Лівобережна Україна,Військові події,Формування народних загонів і парамілітарних структур,період,1930,1940,Добровільні товариства, комсомол, Будинки Червоної армії,,
Лівобережна Україна,Військові події,Друга світова війна,період,1941,1945,Мобілізація ≈3 млн осіб, партизани, батальйони,,
Лівобережна Україна,Військові події,Німецькі мобілізації (поліція, охоронні батальйони),період,1941,1944,Окуповані території, колаборація,,
Лівобережна Україна,Військові події,Повстанська боротьба УПА,період,1943,1955,Антирадянські загони, знищені до 50-х,,,
Лівобережна Україна,Військові події,Служба в повоєнному СРСР,період,1945,1991,2–3 роки служби, мобілізації, навчальні збори,,
Лівобережна Україна,Військові події,Ветеранські пільги в СРСР,період,1945,1991,Пенсії, житло, медобслуговування,,
Лівобережна Україна,Військові події,Формування ЗСУ,точка,1992,,Закон «Про військовий обов’язок» — 2 роки служби,,,,
Лівобережна Україна,Військові події,Скорочення строкової служби,період,2000,2013,Від 18 до 12 місяців, студенти мали відстрочки,,,
Лівобережна Україна,Військові події,Війна на Донбасі,період,2014,2022,Добровольчі батальйони, часткова мобілізація, Нацгвардія,,
Лівобережна Україна,Військові події,Повномасштабна війна з РФ,період,2022,2025,Мобілізація 18–60 років, резервісти, тероборона,,
Лівобережна Україна,Військові події,Ветеранські пільги сучасним бійцям,період,2022,2025,Гарантовані пенсії, медицина, соцзахист,,
Лівобережна Україна,Економіка і промисловість,Лопата (заступ),період,1600,1900,Масове поширення для копання ґрунту, синоніми — 'городник', 'туфля',,
Лівобережна Україна,Економіка і промисловість,Мотика (сапа),період,1600,1900,Розпушення та прополка, місцеві назви – сапка, тяпка,,
Лівобережна Україна,Економіка і промисловість,Граблі,період,1700,1900,Дерев’яне знаряддя з металевими зубцями,,,,
Лівобережна Україна,Економіка і промисловість,Вила,період,1500,1900,3–6 зубців для перевертання сіна,,,,
Лівобережна Україна,Економіка і промисловість,Серп,період,1500,1900,Для жнив, праслов’янського походження,,,
Лівобережна Україна,Економіка і промисловість,Коса,період,1500,1900,Для скошування трав, з Київської Русі,,,
Лівобережна Україна,Економіка і промисловість,Рало (однозубе),період,100,1900,Найдавніше орне знаряддя, використовувалось до XX ст.,,,
Західна Україна,Історичний контекст,Знаряддя,Соха (двозуба),період,1275,1900,Використовувалась для обробітку важких ґрунтів,,,
Полтавщина,Економіка і промисловість,Плуг волів,період,1600,1900,Масове поширення на чорноземах у Лісостепу,,,,
Лівобережна Україна,Економіка і промисловість,Плуг коней,період,1800,1950,Легший варіант плуга для кінської тяги,,,,
Лівобережна Україна,Економіка і промисловість,Борона,період,1700,1900,Для закриття борозен після посіву,,,,
Полтавщина,Економіка і промисловість,Перший трактор (Fordson),точка,1927,,Перший трактор у товаристві СОМЗ,,,,
Лівобережна Україна,Економіка і промисловість,Масова тракторизація (МТС),період,1930,1941,Механізація в умовах колективізації,,,,
Лівобережна Україна,Економіка і промисловість,Післявоєнна механізація,період,1945,1970,Поява ХТЗ, МТЗ, комбайнів,,
Лівобережна Україна,Економіка і промисловість,Зернозбиральний комбайн,період,1950,1991,Жнива у колгоспах за допомогою машин,,,,
Лівобережна Україна,Економіка і промисловість,Тракторний плуг,період,1945,1991,Причіпне знаряддя до трактора,,,,
Лівобережна Україна,Економіка і промисловість,Просапний культиватор,період,1950,1991,Для прополки буряків, картоплі,,,
